<annotation>
	<folder>images</folder>
	<filename>Diep_2.jpg</filename>
	<path>D:\Robot_Project\Dataset\images\Diep_2.jpg</path>
	<source>
		<database>Unknown</database>
	</source>
	<size>
		<width>720</width>
		<height>1280</height>
		<depth>3</depth>
	</size>
	<segmented>0</segmented>
	<object>
		<name>Diep</name>
		<pose>Unspecified</pose>
		<truncated>0</truncated>
		<difficult>0</difficult>
		<bndbox>
			<xmin>138</xmin>
			<ymin>336</ymin>
			<xmax>574</xmax>
			<ymax>799</ymax>
		</bndbox>
	</object>
</annotation>
