<annotation>
	<folder>images</folder>
	<filename>Hoang_13.jpg</filename>
	<path>D:\Robot_Project\Dataset\images\Hoang_13.jpg</path>
	<source>
		<database>Unknown</database>
	</source>
	<size>
		<width>640</width>
		<height>480</height>
		<depth>3</depth>
	</size>
	<segmented>0</segmented>
	<object>
		<name>Hoang</name>
		<pose>Unspecified</pose>
		<truncated>0</truncated>
		<difficult>0</difficult>
		<bndbox>
			<xmin>217</xmin>
			<ymin>164</ymin>
			<xmax>408</xmax>
			<ymax>385</ymax>
		</bndbox>
	</object>
</annotation>
