<annotation>
	<folder>images</folder>
	<filename>Thai_11.jpg</filename>
	<path>D:\Robot_Project\Dataset\images\Thai_11.jpg</path>
	<source>
		<database>Unknown</database>
	</source>
	<size>
		<width>1280</width>
		<height>720</height>
		<depth>3</depth>
	</size>
	<segmented>0</segmented>
	<object>
		<name>Thai</name>
		<pose>Unspecified</pose>
		<truncated>0</truncated>
		<difficult>0</difficult>
		<bndbox>
			<xmin>546</xmin>
			<ymin>185</ymin>
			<xmax>850</xmax>
			<ymax>554</ymax>
		</bndbox>
	</object>
</annotation>
