<annotation>
	<folder>images</folder>
	<filename>Unknown_1.jpg</filename>
	<path>D:\Robot_Project\Dataset\images\Unknown_1.jpg</path>
	<source>
		<database>Unknown</database>
	</source>
	<size>
		<width>553</width>
		<height>824</height>
		<depth>3</depth>
	</size>
	<segmented>0</segmented>
	<object>
		<name>Unknown</name>
		<pose>Unspecified</pose>
		<truncated>0</truncated>
		<difficult>0</difficult>
		<bndbox>
			<xmin>60</xmin>
			<ymin>108</ymin>
			<xmax>464</xmax>
			<ymax>649</ymax>
		</bndbox>
	</object>
</annotation>
