<annotation>
	<folder>images</folder>
	<filename>Unknown_27.jpg</filename>
	<path>D:\Robot_Project\face-regoin-tensorflow-lite\dataset\images\Unknown_27.jpg</path>
	<source>
		<database>Unknown</database>
	</source>
	<size>
		<width>640</width>
		<height>963</height>
		<depth>3</depth>
	</size>
	<segmented>0</segmented>
	<object>
		<name>Unknown</name>
		<pose>Unspecified</pose>
		<truncated>0</truncated>
		<difficult>0</difficult>
		<bndbox>
			<xmin>142</xmin>
			<ymin>90</ymin>
			<xmax>519</xmax>
			<ymax>595</ymax>
		</bndbox>
	</object>
</annotation>
