<annotation>
	<folder>images</folder>
	<filename>Unknown_9.jpg</filename>
	<path>D:\Robot_Project\Dataset\images\Unknown_9.jpg</path>
	<source>
		<database>Unknown</database>
	</source>
	<size>
		<width>1280</width>
		<height>1754</height>
		<depth>3</depth>
	</size>
	<segmented>0</segmented>
	<object>
		<name>Unknown</name>
		<pose>Unspecified</pose>
		<truncated>0</truncated>
		<difficult>0</difficult>
		<bndbox>
			<xmin>239</xmin>
			<ymin>174</ymin>
			<xmax>1057</xmax>
			<ymax>1351</ymax>
		</bndbox>
	</object>
</annotation>
