<annotation>
	<folder>images</folder>
	<filename>Unknown_7.jpg</filename>
	<path>D:\Robot_Project\Dataset\images\Unknown_7.jpg</path>
	<source>
		<database>Unknown</database>
	</source>
	<size>
		<width>846</width>
		<height>1329</height>
		<depth>3</depth>
	</size>
	<segmented>0</segmented>
	<object>
		<name>Unknown</name>
		<pose>Unspecified</pose>
		<truncated>0</truncated>
		<difficult>0</difficult>
		<bndbox>
			<xmin>49</xmin>
			<ymin>81</ymin>
			<xmax>764</xmax>
			<ymax>1068</ymax>
		</bndbox>
	</object>
</annotation>
