<annotation>
	<folder>images</folder>
	<filename>Unknown_26.jpg</filename>
	<path>D:\Robot_Project\face-regoin-tensorflow-lite\dataset\images\Unknown_26.jpg</path>
	<source>
		<database>Unknown</database>
	</source>
	<size>
		<width>600</width>
		<height>757</height>
		<depth>3</depth>
	</size>
	<segmented>0</segmented>
	<object>
		<name>Unknown</name>
		<pose>Unspecified</pose>
		<truncated>0</truncated>
		<difficult>0</difficult>
		<bndbox>
			<xmin>91</xmin>
			<ymin>36</ymin>
			<xmax>590</xmax>
			<ymax>633</ymax>
		</bndbox>
	</object>
</annotation>
