<annotation>
	<folder>images</folder>
	<filename>Unknown_6.jpg</filename>
	<path>D:\Robot_Project\Dataset\images\Unknown_6.jpg</path>
	<source>
		<database>Unknown</database>
	</source>
	<size>
		<width>908</width>
		<height>1127</height>
		<depth>3</depth>
	</size>
	<segmented>0</segmented>
	<object>
		<name>Unknown</name>
		<pose>Unspecified</pose>
		<truncated>0</truncated>
		<difficult>0</difficult>
		<bndbox>
			<xmin>109</xmin>
			<ymin>44</ymin>
			<xmax>824</xmax>
			<ymax>1084</ymax>
		</bndbox>
	</object>
</annotation>
