<annotation>
	<folder>images</folder>
	<filename>Unknown_19.jpg</filename>
	<path>D:\Robot_Project\face-regoin-tensorflow-lite\dataset\images\Unknown_19.jpg</path>
	<source>
		<database>Unknown</database>
	</source>
	<size>
		<width>750</width>
		<height>898</height>
		<depth>3</depth>
	</size>
	<segmented>0</segmented>
	<object>
		<name>Unknown</name>
		<pose>Unspecified</pose>
		<truncated>0</truncated>
		<difficult>0</difficult>
		<bndbox>
			<xmin>92</xmin>
			<ymin>149</ymin>
			<xmax>709</xmax>
			<ymax>790</ymax>
		</bndbox>
	</object>
</annotation>
