<annotation>
	<folder>images</folder>
	<filename>Unknown_24.jpg</filename>
	<path>D:\Robot_Project\face-regoin-tensorflow-lite\dataset\images\Unknown_24.jpg</path>
	<source>
		<database>Unknown</database>
	</source>
	<size>
		<width>600</width>
		<height>900</height>
		<depth>3</depth>
	</size>
	<segmented>0</segmented>
	<object>
		<name>Unknown</name>
		<pose>Unspecified</pose>
		<truncated>0</truncated>
		<difficult>0</difficult>
		<bndbox>
			<xmin>50</xmin>
			<ymin>201</ymin>
			<xmax>498</xmax>
			<ymax>731</ymax>
		</bndbox>
	</object>
</annotation>
