<annotation>
	<folder>images</folder>
	<filename>Unknown_25.jpg</filename>
	<path>D:\Robot_Project\face-regoin-tensorflow-lite\dataset\images\Unknown_25.jpg</path>
	<source>
		<database>Unknown</database>
	</source>
	<size>
		<width>1920</width>
		<height>1080</height>
		<depth>3</depth>
	</size>
	<segmented>0</segmented>
	<object>
		<name>Unknown</name>
		<pose>Unspecified</pose>
		<truncated>0</truncated>
		<difficult>0</difficult>
		<bndbox>
			<xmin>1126</xmin>
			<ymin>52</ymin>
			<xmax>1908</xmax>
			<ymax>1065</ymax>
		</bndbox>
	</object>
</annotation>
