<annotation>
	<folder>images</folder>
	<filename>Unknown_14.jpg</filename>
	<path>D:\Robot_Project\face-regoin-tensorflow-lite\dataset\images\Unknown_14.jpg</path>
	<source>
		<database>Unknown</database>
	</source>
	<size>
		<width>563</width>
		<height>738</height>
		<depth>3</depth>
	</size>
	<segmented>0</segmented>
	<object>
		<name>Unknown</name>
		<pose>Unspecified</pose>
		<truncated>0</truncated>
		<difficult>0</difficult>
		<bndbox>
			<xmin>84</xmin>
			<ymin>135</ymin>
			<xmax>468</xmax>
			<ymax>622</ymax>
		</bndbox>
	</object>
</annotation>
