<annotation>
	<folder>images</folder>
	<filename>Unknown_0.jpg</filename>
	<path>D:\Robot_Project\Dataset\images\Unknown_0.jpg</path>
	<source>
		<database>Unknown</database>
	</source>
	<size>
		<width>888</width>
		<height>1050</height>
		<depth>3</depth>
	</size>
	<segmented>0</segmented>
	<object>
		<name>Unknown</name>
		<pose>Unspecified</pose>
		<truncated>0</truncated>
		<difficult>0</difficult>
		<bndbox>
			<xmin>136</xmin>
			<ymin>90</ymin>
			<xmax>794</xmax>
			<ymax>822</ymax>
		</bndbox>
	</object>
</annotation>
