<annotation>
	<folder>images</folder>
	<filename>Van_29.jpg</filename>
	<path>D:\Robot_Project\Dataset\images\Van_29.jpg</path>
	<source>
		<database>Unknown</database>
	</source>
	<size>
		<width>480</width>
		<height>854</height>
		<depth>3</depth>
	</size>
	<segmented>0</segmented>
	<object>
		<name>Van</name>
		<pose>Unspecified</pose>
		<truncated>0</truncated>
		<difficult>0</difficult>
		<bndbox>
			<xmin>168</xmin>
			<ymin>188</ymin>
			<xmax>333</xmax>
			<ymax>407</ymax>
		</bndbox>
	</object>
</annotation>
