<annotation>
	<folder>images</folder>
	<filename>Hoang_27.jpg</filename>
	<path>D:\Robot_Project\Dataset\images\Hoang_27.jpg</path>
	<source>
		<database>Unknown</database>
	</source>
	<size>
		<width>640</width>
		<height>480</height>
		<depth>3</depth>
	</size>
	<segmented>0</segmented>
	<object>
		<name>Hoang</name>
		<pose>Unspecified</pose>
		<truncated>0</truncated>
		<difficult>0</difficult>
		<bndbox>
			<xmin>241</xmin>
			<ymin>141</ymin>
			<xmax>430</xmax>
			<ymax>425</ymax>
		</bndbox>
	</object>
</annotation>
