<annotation>
	<folder>images</folder>
	<filename>Thai_7.jpg</filename>
	<path>D:\Robot_Project\Dataset\images\Thai_7.jpg</path>
	<source>
		<database>Unknown</database>
	</source>
	<size>
		<width>1280</width>
		<height>720</height>
		<depth>3</depth>
	</size>
	<segmented>0</segmented>
	<object>
		<name>Thai</name>
		<pose>Unspecified</pose>
		<truncated>0</truncated>
		<difficult>0</difficult>
		<bndbox>
			<xmin>554</xmin>
			<ymin>179</ymin>
			<xmax>899</xmax>
			<ymax>558</ymax>
		</bndbox>
	</object>
</annotation>
