<annotation>
	<folder>images</folder>
	<filename>Unknown_4.jpg</filename>
	<path>D:\Robot_Project\Dataset\images\Unknown_4.jpg</path>
	<source>
		<database>Unknown</database>
	</source>
	<size>
		<width>1199</width>
		<height>1175</height>
		<depth>3</depth>
	</size>
	<segmented>0</segmented>
	<object>
		<name>Unknown</name>
		<pose>Unspecified</pose>
		<truncated>0</truncated>
		<difficult>0</difficult>
		<bndbox>
			<xmin>402</xmin>
			<ymin>70</ymin>
			<xmax>990</xmax>
			<ymax>858</ymax>
		</bndbox>
	</object>
</annotation>
