<annotation>
	<folder>images</folder>
	<filename>Unknown_2.jpg</filename>
	<path>D:\Robot_Project\Dataset\images\Unknown_2.jpg</path>
	<source>
		<database>Unknown</database>
	</source>
	<size>
		<width>746</width>
		<height>950</height>
		<depth>3</depth>
	</size>
	<segmented>0</segmented>
	<object>
		<name>Unknown</name>
		<pose>Unspecified</pose>
		<truncated>0</truncated>
		<difficult>0</difficult>
		<bndbox>
			<xmin>89</xmin>
			<ymin>42</ymin>
			<xmax>638</xmax>
			<ymax>676</ymax>
		</bndbox>
	</object>
</annotation>
