<annotation>
	<folder>images</folder>
	<filename>Unknown_10.jpg</filename>
	<path>D:\Robot_Project\Dataset\images\Unknown_10.jpg</path>
	<source>
		<database>Unknown</database>
	</source>
	<size>
		<width>682</width>
		<height>1024</height>
		<depth>3</depth>
	</size>
	<segmented>0</segmented>
	<object>
		<name>Unknown</name>
		<pose>Unspecified</pose>
		<truncated>0</truncated>
		<difficult>0</difficult>
		<bndbox>
			<xmin>98</xmin>
			<ymin>17</ymin>
			<xmax>588</xmax>
			<ymax>636</ymax>
		</bndbox>
	</object>
</annotation>
