<annotation>
	<folder>images</folder>
	<filename>Unknown_8.jpg</filename>
	<path>D:\Robot_Project\Dataset\images\Unknown_8.jpg</path>
	<source>
		<database>Unknown</database>
	</source>
	<size>
		<width>800</width>
		<height>1120</height>
		<depth>3</depth>
	</size>
	<segmented>0</segmented>
	<object>
		<name>Unknown</name>
		<pose>Unspecified</pose>
		<truncated>0</truncated>
		<difficult>0</difficult>
		<bndbox>
			<xmin>149</xmin>
			<ymin>12</ymin>
			<xmax>702</xmax>
			<ymax>738</ymax>
		</bndbox>
	</object>
</annotation>
