<annotation>
	<folder>images</folder>
	<filename>Van_23.jpg</filename>
	<path>D:\Robot_Project\Dataset\images\Van_23.jpg</path>
	<source>
		<database>Unknown</database>
	</source>
	<size>
		<width>480</width>
		<height>854</height>
		<depth>3</depth>
	</size>
	<segmented>0</segmented>
	<object>
		<name>Van</name>
		<pose>Unspecified</pose>
		<truncated>0</truncated>
		<difficult>0</difficult>
		<bndbox>
			<xmin>162</xmin>
			<ymin>173</ymin>
			<xmax>337</xmax>
			<ymax>408</ymax>
		</bndbox>
	</object>
</annotation>
